{
  "root": {
    "action": {
      "actionType": "COSH"
    },
    "value": 4284796.6791140735,
    "children": [
      {
        "value": 15.963730839999897,
        "children": []
      }
    ]
  }
}